Name,Type,Price,Currancy
2E MF140,მაუსი,11.00,ლ
2E MF1012 Black,მაუსი,13.00,ლ
2E MF150 Black,მაუსი,13.00,ლ
2E MF170,მაუსი,13.00,ლ
2Е MF1100 Black,მაუსი,11.00,ლ
2Е MF160 Black,მაუსი,13.00,ლ
A4Tech OP-720 White,მაუსი,13.00,ლ
Genius DX-120 Black,მაუსი,15.00,ლ
2E MF213 WL,უკაბელო მაუსი,12.00,ლ
2E MF130,მაუსი,13.00,ლ
A4Tech OP-330 Wired Optical Mouse Black,მაუსი,15.00,ლ
Genius DX-101 Black,მაუსი,17.00,ლ
Logitech M90 Grey,მაუსი,17.00,ლ
2E MF211 Black WL,უკაბელო მაუსი,18.00,ლ
2E MF216 WL,უკაბელო მაუსი,18.00,ლ
2Е MF217 Black WL,უკაბელო მაუსი,18.00,ლ
2Е MF217 Gray WL,უკაბელო მაუსი,18.00,ლ
Mouse 2E MF250 Silent Black WL,უკაბელო მაუსი,19.00,ლ
A4Tech FM10S Silent Click Blue,მაუსი,22.00,ლ
A4Tech FM10S Silent Click White,მაუსი,20.00,ლ
A4Tech N-600X-1 V-Track Black,მაუსი,22.00,ლ
A4Tech N-600XS Track Padless,მაუსი,22.00,ლ
A4Tech OP-760 Wired Optical Mouse Black,მაუსი,19.00,ლ
Hoco GM19 Enjoy luminous Black,მაუსი,15.00,ლ
Logitech B100 Corded Black,მაუსი,21.00,ლ
Logitech B100 Corded White,მაუსი,22.00,ლ
2E MF218 Silent Black WL BT,უკაბელო Bluetooth მაუსი,21.00,ლ
2E MF218 Silent Black-Gray WL BT,უკაბელო Bluetooth მაუსი,21.00,ლ
2E MF225 Silent Black WL BT,უკაბელო Bluetooth მაუსი,22.00,ლ
2E MF280 Silent Black WL BT,უკაბელო Bluetooth მაუსი,22.00,ლ
2E MF280 Silent Blue WL BT,უკაბელო Bluetooth მაუსი,22.00,ლ
2E MF280 Silent Gray WL BT,უკაბელო Bluetooth მაუსი,22.00,ლ
2E MF300 Silent Ashen Green WL BT,უკაბელო Bluetooth მაუსი,22.00,ლ
2E MF300 Silent Graphite Black WL BT,უკაბელო Bluetooth მაუსი,22.00,ლ
2E MF300 Silent Mallow Pink WL BT,უკაბელო Bluetooth მაუსი,22.00,ლ
2E MF300 Silent Stone Blue WL BT,უკაბელო Bluetooth მაუსი,22.00,ლ
2E MF300 Silent Sunny yellow WL BT,უკაბელო Bluetooth მაუსი,22.00,ლ
2E MF211 Gray WL,უკაბელო მაუსი,20.00,ლ
2E MF211 Red WL,უკაბელო მაუსი,20.00,ლ
2E MF214 Silent WL,უკაბელო მაუსი,22.00,ლ
2Е MF230 Silent Black WL,უკაბელო მაუსი,22.00,ლ
A4Tech G3-330N G3 Black WL,უკაბელო მაუსი,22.00,ლ
Mouse 2E MF250 Silent Blue WL,უკაბელო მაუსი,18.00,ლ
Trust Primo Matt Black WL,უკაბელო მაუსი,22.00,ლ
Trust Primo Matt Blue WL,უკაბელო მაუსი,22.00,ლ
Trust Primo Matt White WL,უკაბელო მაუსი,22.00,ლ
Trust Vivy Mini Black WL,უკაბელო მაუსი,22.00,ლ
Trust Yvi + Eco Blue WL,უკაბელო მაუსი,22.00,ლ
Trust Yvi Flower Blue WL,უკაბელო მაუსი,22.00,ლ
Trust Yvi Red WL,უკაბელო მაუსი,21.00,ლ
2E MF270 Silent Black Rechargeable WL,უკაბელო ტენვადი მაუსი,22.00,ლ
2Е MF220 Grey WL,უკაბელო მაუსი,25.00,ლ
Lenovo 540 Type-C Compact Storm Grey,Typ,22.00,ლ
Logitech M100 Black,მაუსი,25.00,ლ
2Е MF2020 Black Gray-Blue WL,უკაბელო მაუსი,25.00,ლ
2Е MF2020 Black-Red WL,უკაბელო მაუსი,26.00,ლ
Genius NX-7005 Black WL,უკაბელო მაუსი,25.00,ლ
Genius NX-7005 Blue WL,უკაბელო მაუსი,25.00,ლ
Genius NX-7005 Red WL,უკაბელო მაუსი,27.00,ლ
Genius NX-7005 White WL,უკაბელო მაუსი,27.00,ლ
Genius NX-7015 Brown WL,უკაბელო მაუსი,27.00,ლ
Genius NX-7015 Chocolate WL,უკაბელო მაუსი,27.00,ლ
Genius NX-7015 Gold WL,უკაბელო მაუსი,26.00,ლ
Genius NX-7015 Iron Grey WL,უკაბელო მაუსი,28.00,ლ
Genius NX-7015 Silver WL,უკაბელო მაუსი,25.00,ლ
Genius NX-8000S Black WL,უკაბელო მაუსი,25.00,ლ
Genius NX-8000S Red WL,უკაბელო მაუსი,22.00,ლ
Genius NX-8006S Red,უკაბელო მაუსი,22.00,ლ
Trust Yvi Parrot WL,უკაბელო მაუსი,25.00,ლ
Trust Yvi Peacock WL,უკაბელო მაუსი,25.00,ლ
Trust Yvi Red Brush WL,უკაბელო მაუსი,25.00,ლ
2E MF270 Silent White Rechargeable WL,უკაბელო ტენვადი მაუსი,22.00,ლ
Mouse 2E MF2030 Rechargeable Black WL,უკაბელო ტენვადი მაუსი,22.00,ლ
Mouse 2E MF2030 Rechargeable Grey WL,უკაბელო ტენვადი მაუსი,22.00,ლ
Mouse 2E MF2030 Rechargeable Red WL,უკაბელო ტენვადი მაუსი,22.00,ლ
Lenovo 400 Type-C Compact,Typ,28.00,ლ
2E MG280 LED USB Black,მაუსი,24.00,ლ
Sven RX-530S Black,მაუსი,30.00,ლ
Trust GXT 109 Felox Black,მაუსი,30.00,ლ
Trust GXT 109B Felox Blue,მაუსი,30.00,ლ
Trust GXT 109P Felox Pink,მაუსი,30.00,ლ
Trust GXT 109W Felox White,მაუსი,30.00,ლ
Trust Primo WL BT,უკაბელო Bluetooth მაუსი,28.00,ლ
2E MF215 WL,უკაბელო მაუსი,30.00,ლ
Genius NX-7009 Blue-Grey WL,უკაბელო მაუსი,30.00,ლ
Genius NX-7009 White-Grey WL,უკაბელო მაუსი,30.00,ლ
Hoco GM21 Platinum Black-Yellow,უკაბელო მაუსი,22.00,ლ
Trust Mydo Silent Click Black WL,უკაბელო მაუსი,30.00,ლ
Trust Mydo Silent Click Blue WL,უკაბელო მაუსი,30.00,ლ
Trust Mydo Silent Click rABS Black WL,უკაბელო მაუსი,30.00,ლ
2Е MF2010 Rechargeable WL,უკაბელო ტენვადი მაუსი,30.00,ლ
Trust Zaya Black Rechargable WL,უკაბელო ტენვადი მაუსი,30.00,ლ
2E MG290 LED USB White,მაუსი,25.00,ლ
Dell MS116 White,მაუსი,29.00,ლ
Noxo Blaze,მაუსი,22.00,ლ
Logitech M170 Grey WL,უკაბელო მაუსი,36.00,ლ
2Е MF290 Rechargeable WL BT,უკაბელო ტენვადი Bluetooth მაუსი,35.00,ლ
Trust Zaya Blue Rechargeable WL,უკაბელო ტენვადი მაუსი,31.00,ლ
Ugreen MU101 90395 WL BT,უკაბელო Bluetooth მაუსი,39.00,ლ
Dell MS116 Black,მაუსი,29.00,ლ
Noxo Dawnlight RGB,მაუსი,40.00,ლ
Noxo Deviator RGB Black,მაუსი,40.00,ლ
Noxo Havoc Black,მაუსი,40.00,ლ
2Е MF240 Black WL,უკაბელო მაუსი,30.00,ლ
Defender Uran GM-503 Black WL,უკაბელო მაუსი,35.00,ლ
Logitech M185 Swift Grey WL,უკაბელო მაუსი,40.00,ლ
Sven RX-560SW Silent Black WL,უკაბელო მაუსი,30.00,ლ
Sven RX-560SW Silent Gray WL,უკაბელო მაუსი,35.00,ლ
Sven RX-560SW Silent Red WL,უკაბელო მაუსი,30.00,ლ
Trust Sketch Silent Red WL,უკაბელო მაუსი,40.00,ლ
Genius Sorpion X-G600 Led,მაუსი,45.00,ლ
Noxo Soulkeeper RGB Black,მაუსი,45.00,ლ
Lenovo 300 Compact WL,უკაბელო მაუსი,39.00,ლ
Logitech M171 Black WL,უკაბელო მაუსი,45.00,ლ
Trust Felox GXT 110 Black WL,უკაბელო მაუსი,45.00,ლ
Noxo Orion Black,მაუსი,50.00,ლ
Redragon Gainer M610,მაუსი,41.00,ლ
Logitech M650L Signature Off-White WL BT,უკაბელო Bluetooth მაუსი,49.00,ლ
Trust Strike GXT 117 Rechargeable WL,უკაბელო ტენვადი მაუსი,40.00,ლ
Logitech M220 Silent Charcoal WL,უკაბელო მაუსი,50.00,ლ
2E MG310,მაუსი,60.00,ლ
2E MG320,მაუსი,38.00,ლ
A4Tech Bloody ES5 Esports RGB Black,მაუსი,50.00,ლ
Noxo Turmoil Black,მაუსი,55.00,ლ
Sven RX-G815,მაუსი,55.00,ლ
